sequence,block,binary_sha256,wall_seconds,peak_rss_kib,output_sha256,output_bytes
A_A_left,1,13cdfaad024cb8fefaaf964de8281281f8d4606a051e84758681a6d94b6ecc87,17.27,31796,5040c3cecda39c09e183b6b361c2b568e7e8adf802316678daef6c25c4e1faf6,2615146
A_A_right,1,13cdfaad024cb8fefaaf964de8281281f8d4606a051e84758681a6d94b6ecc87,26.31,32004,5040c3cecda39c09e183b6b361c2b568e7e8adf802316678daef6c25c4e1faf6,2615146
A_A_left,2,13cdfaad024cb8fefaaf964de8281281f8d4606a051e84758681a6d94b6ecc87,17.17,31796,5040c3cecda39c09e183b6b361c2b568e7e8adf802316678daef6c25c4e1faf6,2615146
A_A_right,2,13cdfaad024cb8fefaaf964de8281281f8d4606a051e84758681a6d94b6ecc87,17.33,31952,5040c3cecda39c09e183b6b361c2b568e7e8adf802316678daef6c25c4e1faf6,2615146
A_A_left,3,13cdfaad024cb8fefaaf964de8281281f8d4606a051e84758681a6d94b6ecc87,19.63,31800,5040c3cecda39c09e183b6b361c2b568e7e8adf802316678daef6c25c4e1faf6,2615146
A_A_right,3,13cdfaad024cb8fefaaf964de8281281f8d4606a051e84758681a6d94b6ecc87,22.13,31924,5040c3cecda39c09e183b6b361c2b568e7e8adf802316678daef6c25c4e1faf6,2615146
B_B_left,1,892e5afc1a4c24234f63230d186a3c2ea46d2cda1c6bfcd8f987c566e70b3665,0.39,32940,5040c3cecda39c09e183b6b361c2b568e7e8adf802316678daef6c25c4e1faf6,2615146
B_B_right,1,892e5afc1a4c24234f63230d186a3c2ea46d2cda1c6bfcd8f987c566e70b3665,0.39,32816,5040c3cecda39c09e183b6b361c2b568e7e8adf802316678daef6c25c4e1faf6,2615146
B_B_left,2,892e5afc1a4c24234f63230d186a3c2ea46d2cda1c6bfcd8f987c566e70b3665,0.39,32832,5040c3cecda39c09e183b6b361c2b568e7e8adf802316678daef6c25c4e1faf6,2615146
B_B_right,2,892e5afc1a4c24234f63230d186a3c2ea46d2cda1c6bfcd8f987c566e70b3665,0.38,32976,5040c3cecda39c09e183b6b361c2b568e7e8adf802316678daef6c25c4e1faf6,2615146
B_B_left,3,892e5afc1a4c24234f63230d186a3c2ea46d2cda1c6bfcd8f987c566e70b3665,0.39,33024,5040c3cecda39c09e183b6b361c2b568e7e8adf802316678daef6c25c4e1faf6,2615146
B_B_right,3,892e5afc1a4c24234f63230d186a3c2ea46d2cda1c6bfcd8f987c566e70b3665,0.39,33024,5040c3cecda39c09e183b6b361c2b568e7e8adf802316678daef6c25c4e1faf6,2615146
ABBA_A1,1,13cdfaad024cb8fefaaf964de8281281f8d4606a051e84758681a6d94b6ecc87,17.30,31784,5040c3cecda39c09e183b6b361c2b568e7e8adf802316678daef6c25c4e1faf6,2615146
ABBA_B1,1,892e5afc1a4c24234f63230d186a3c2ea46d2cda1c6bfcd8f987c566e70b3665,0.39,32808,5040c3cecda39c09e183b6b361c2b568e7e8adf802316678daef6c25c4e1faf6,2615146
ABBA_B2,1,892e5afc1a4c24234f63230d186a3c2ea46d2cda1c6bfcd8f987c566e70b3665,0.39,32796,5040c3cecda39c09e183b6b361c2b568e7e8adf802316678daef6c25c4e1faf6,2615146
ABBA_A2,1,13cdfaad024cb8fefaaf964de8281281f8d4606a051e84758681a6d94b6ecc87,27.17,31800,5040c3cecda39c09e183b6b361c2b568e7e8adf802316678daef6c25c4e1faf6,2615146
ABBA_A1,2,13cdfaad024cb8fefaaf964de8281281f8d4606a051e84758681a6d94b6ecc87,19.70,31748,5040c3cecda39c09e183b6b361c2b568e7e8adf802316678daef6c25c4e1faf6,2615146
ABBA_B1,2,892e5afc1a4c24234f63230d186a3c2ea46d2cda1c6bfcd8f987c566e70b3665,0.39,32764,5040c3cecda39c09e183b6b361c2b568e7e8adf802316678daef6c25c4e1faf6,2615146
ABBA_B2,2,892e5afc1a4c24234f63230d186a3c2ea46d2cda1c6bfcd8f987c566e70b3665,0.39,32820,5040c3cecda39c09e183b6b361c2b568e7e8adf802316678daef6c25c4e1faf6,2615146
ABBA_A2,2,13cdfaad024cb8fefaaf964de8281281f8d4606a051e84758681a6d94b6ecc87,17.13,31668,5040c3cecda39c09e183b6b361c2b568e7e8adf802316678daef6c25c4e1faf6,2615146
ABBA_A1,3,13cdfaad024cb8fefaaf964de8281281f8d4606a051e84758681a6d94b6ecc87,29.65,31776,5040c3cecda39c09e183b6b361c2b568e7e8adf802316678daef6c25c4e1faf6,2615146
ABBA_B1,3,892e5afc1a4c24234f63230d186a3c2ea46d2cda1c6bfcd8f987c566e70b3665,0.39,32980,5040c3cecda39c09e183b6b361c2b568e7e8adf802316678daef6c25c4e1faf6,2615146
ABBA_B2,3,892e5afc1a4c24234f63230d186a3c2ea46d2cda1c6bfcd8f987c566e70b3665,0.38,32896,5040c3cecda39c09e183b6b361c2b568e7e8adf802316678daef6c25c4e1faf6,2615146
ABBA_A2,3,13cdfaad024cb8fefaaf964de8281281f8d4606a051e84758681a6d94b6ecc87,17.88,31772,5040c3cecda39c09e183b6b361c2b568e7e8adf802316678daef6c25c4e1faf6,2615146
